Trust,LAD19CD
Airedale NHS Foundation Trust,E08000032
Airedale NHS Foundation Trust,E07000163
Alder Hey Children's NHS Foundation Trust,E08000012
Ashford and St Peter's Hospitals NHS Foundation Trust,E07000213
Ashford and St Peter's Hospitals NHS Foundation Trust,E07000210
Ashford and St Peter's Hospitals NHS Foundation Trust,E07000208
Ashford and St Peter's Hospitals NHS Foundation Trust,E07000216
Ashford and St Peter's Hospitals NHS Foundation Trust,E07000209
Ashford and St Peter's Hospitals NHS Foundation Trust,E06000060
Ashford and St Peter's Hospitals NHS Foundation Trust,E07000212
Ashford and St Peter's Hospitals NHS Foundation Trust,E09000027
Ashford and St Peter's Hospitals NHS Foundation Trust,E09000033
Ashford and St Peter's Hospitals NHS Foundation Trust,E07000217
Avon and Wiltshire Mental Health Partnership NHS Trust,E06000023
Avon and Wiltshire Mental Health Partnership NHS Trust,E06000022
Avon and Wiltshire Mental Health Partnership NHS Trust,E06000024
Avon and Wiltshire Mental Health Partnership NHS Trust,E06000054
"Barking, Havering and Redbridge University Hospitals NHS Trust",E09000002
"Barking, Havering and Redbridge University Hospitals NHS Trust",E07000066
"Barking, Havering and Redbridge University Hospitals NHS Trust",E09000026
"Barking, Havering and Redbridge University Hospitals NHS Trust",E07000068
"Barking, Havering and Redbridge University Hospitals NHS Trust",E09000016
"Barking, Havering and Redbridge University Hospitals NHS Trust",E06000033
"Barking, Havering and Redbridge University Hospitals NHS Trust",E07000070
"Barking, Havering and Redbridge University Hospitals NHS Trust",E09000010
"Barking, Havering and Redbridge University Hospitals NHS Trust",E09000033
"Barnet, Enfield and Haringey Mental Health NHS Trust",E09000010
"Barnet, Enfield and Haringey Mental Health NHS Trust",E09000003
"Barnet, Enfield and Haringey Mental Health NHS Trust",E09000015
Barnsley Hospital NHS Foundation Trust,E08000016
Barts Health NHS Trust,E09000025
Barts Health NHS Trust,E09000030
Barts Health NHS Trust,E09000001
Barts Health NHS Trust,E09000026
Barts Health NHS Trust,E09000031
Bedford Hospital NHS Trust,E06000055
Bedford Hospital NHS Trust,E06000032
Berkshire Healthcare NHS Foundation Trust,E07000084
Berkshire Healthcare NHS Foundation Trust,E07000214
Berkshire Healthcare NHS Foundation Trust,E06000040
Berkshire Healthcare NHS Foundation Trust,E06000038
Berkshire Healthcare NHS Foundation Trust,E07000212
Berkshire Healthcare NHS Foundation Trust,E07000179
Berkshire Healthcare NHS Foundation Trust,E06000039
Berkshire Healthcare NHS Foundation Trust,E06000037
Berkshire Healthcare NHS Foundation Trust,E06000041
Birmingham and Solihull Mental Health NHS Foundation Trust,E08000025
Birmingham and Solihull Mental Health NHS Foundation Trust,E08000029
Birmingham Community Healthcare NHS Foundation Trust,E08000025
Birmingham Women's and Children's NHS Foundation Trust,E08000025
Black Country Healthcare NHS Foundation Trust,E08000030
Black Country Healthcare NHS Foundation Trust,E08000027
Black Country Healthcare NHS Foundation Trust,E08000028
Black Country Healthcare NHS Foundation Trust,E08000031
Blackpool Teaching Hospitals NHS Foundation Trust,E06000008
Blackpool Teaching Hospitals NHS Foundation Trust,E06000009
Blackpool Teaching Hospitals NHS Foundation Trust,E07000117
Blackpool Teaching Hospitals NHS Foundation Trust,E07000118
Blackpool Teaching Hospitals NHS Foundation Trust,E07000119
Blackpool Teaching Hospitals NHS Foundation Trust,E07000128
Blackpool Teaching Hospitals NHS Foundation Trust,E07000121
Blackpool Teaching Hospitals NHS Foundation Trust,E07000123
Bolton NHS Foundation Trust,E06000008
Bolton NHS Foundation Trust,E08000001
Bolton NHS Foundation Trust,E08000010
Bolton NHS Foundation Trust,E07000127
Bradford District NHS Foundation Trust,E08000032
Bradford Teaching Hospitals NHS Foundation Trust,E08000032
Bradford Teaching Hospitals NHS Foundation Trust,E08000035
Bradford Teaching Hospitals NHS Foundation Trust,E08000034
Bradford Teaching Hospitals NHS Foundation Trust,E08000036
Bradford Teaching Hospitals NHS Foundation Trust,E08000019
Bridgewater Community Healthcare NHS Foundation Trust,E08000013
Brighton and Sussex University Hospitals NHS Trust,E07000064
Brighton and Sussex University Hospitals NHS Trust,E06000043
Brighton and Sussex University Hospitals NHS Trust,E07000062
Brighton and Sussex University Hospitals NHS Trust,E07000226
Brighton and Sussex University Hospitals NHS Trust,E07000061
Brighton and Sussex University Hospitals NHS Trust,E07000227
Brighton and Sussex University Hospitals NHS Trust,E07000228
Brighton and Sussex University Hospitals NHS Trust,E07000065
Brighton and Sussex University Hospitals NHS Trust,E07000229
Buckinghamshire Healthcare NHS Trust,E06000060
Buckinghamshire Healthcare NHS Trust,E06000040
Buckinghamshire Healthcare NHS Trust,E07000179
Burton Hospitals NHS Foundation Trust,E07000194
Calderdale and Huddersfield NHS Foundation Trust,E08000033
Calderdale and Huddersfield NHS Foundation Trust,E08000034
Calderdale and Huddersfield NHS Foundation Trust,E08000032
Calderdale and Huddersfield NHS Foundation Trust,E08000036
Calderdale and Huddersfield NHS Foundation Trust,E07000163
Cambridge University Hospitals NHS Foundation Trust,E07000008
Cambridge University Hospitals NHS Foundation Trust,E07000073
Cambridge University Hospitals NHS Foundation Trust,E07000245
Cambridge University Hospitals NHS Foundation Trust,E07000066
Cambridge University Hospitals NHS Foundation Trust,E07000145
Cambridge University Hospitals NHS Foundation Trust,E06000016
Cambridge University Hospitals NHS Foundation Trust,E06000042
Cambridge University Hospitals NHS Foundation Trust,E07000010
Cambridge University Hospitals NHS Foundation Trust,E06000018
Cambridge University Hospitals NHS Foundation Trust,E06000034
Cambridge University Hospitals NHS Foundation Trust,E07000011
Cambridge University Hospitals NHS Foundation Trust,E07000202
Cambridge University Hospitals NHS Foundation Trust,L99999999
Cambridge University Hospitals NHS Foundation Trust,E07000243
Cambridge University Hospitals NHS Foundation Trust,E06000032
Cambridge University Hospitals NHS Foundation Trust,E07000149
Cambridge University Hospitals NHS Foundation Trust,E07000178
Cambridge University Hospitals NHS Foundation Trust,E06000031
Cambridge University Hospitals NHS Foundation Trust,E07000146
Cambridge University Hospitals NHS Foundation Trust,E07000242
Cambridge University Hospitals NHS Foundation Trust,E07000099
Cambridge University Hospitals NHS Foundation Trust,E07000077
Cambridge University Hospitals NHS Foundation Trust,E07000012
Cambridge University Hospitals NHS Foundation Trust,E06000045
Cambridgeshire and Peterborough NHS Foundation Trust,E07000010
Cambridgeshire and Peterborough NHS Foundation Trust,E07000012
Cambridgeshire and Peterborough NHS Foundation Trust,E07000009
Cambridgeshire Community Services NHS Trust,E07000008
Cambridgeshire Community Services NHS Trust,E07000010
Cambridgeshire Community Services NHS Trust,E07000009
Camden and Islington NHS Foundation Trust,E09000007
Camden and Islington NHS Foundation Trust,E09000014
Central and North West London NHS Foundation Trust,E07000210
Central and North West London NHS Foundation Trust,E09000020
Central and North West London NHS Foundation Trust,E09000017
Central and North West London NHS Foundation Trust,E09000033
Central and North West London NHS Foundation Trust,E09000007
Central London Community Healthcare NHS Trust,E09000003
Central London Community Healthcare NHS Trust,E07000242
Central London Community Healthcare NHS Trust,E07000103
Chelsea and Westminster Hospital NHS Foundation Trust,E09000020
Chelsea and Westminster Hospital NHS Foundation Trust,E09000018
Cheshire and Wirral Partnership NHS Foundation Trust,E06000050
Cheshire and Wirral Partnership NHS Foundation Trust,E06000049
Cheshire and Wirral Partnership NHS Foundation Trust,E08000015
Chesterfield Royal Hospital NHS Foundation Trust,E07000037
Chesterfield Royal Hospital NHS Foundation Trust,E07000034
City Hospitals Sunderland NHS Foundation Trust,E06000047
City Hospitals Sunderland NHS Foundation Trust,E08000022
City Hospitals Sunderland NHS Foundation Trust,E08000024
City Hospitals Sunderland NHS Foundation Trust,E08000023
City Hospitals Sunderland NHS Foundation Trust,E06000001
Cornwall Partnership NHS Foundation Trust,E06000052
Cornwall Partnership NHS Foundation Trust,E06000053
Countess Of Chester Hospital NHS Foundation Trust,E06000050
Countess Of Chester Hospital NHS Foundation Trust,E06000006
County Durham and Darlington NHS Foundation Trust,E06000047
County Durham and Darlington NHS Foundation Trust,E06000005
County Durham and Darlington NHS Foundation Trust,E07000166
County Durham and Darlington NHS Foundation Trust,E08000023
County Durham and Darlington NHS Foundation Trust,E08000037
County Durham and Darlington NHS Foundation Trust,E08000024
County Durham and Darlington NHS Foundation Trust,E06000004
Coventry and Warwickshire Partnership NHS Trust,E08000029
Coventry and Warwickshire Partnership NHS Trust,E08000026
Coventry and Warwickshire Partnership NHS Trust,E07000219
Coventry and Warwickshire Partnership NHS Trust,E07000222
Croydon Health Services NHS Trust,E09000008
Cumbria Northumberland Tyne and Wear NHS Foundation Trust,E07000028
Cumbria Northumberland Tyne and Wear NHS Foundation Trust,E06000057
Cumbria Northumberland Tyne and Wear NHS Foundation Trust,E08000024
Cumbria Northumberland Tyne and Wear NHS Foundation Trust,E08000021
Dartford and Gravesham NHS Trust,E09000023
Dartford and Gravesham NHS Trust,E09000006
Dartford and Gravesham NHS Trust,E07000107
Dartford and Gravesham NHS Trust,E09000004
Dartford and Gravesham NHS Trust,E07000111
Dartford and Gravesham NHS Trust,E07000109
Dartford and Gravesham NHS Trust,E07000116
Dartford and Gravesham NHS Trust,E07000110
Derbyshire Community Health Services NHS Foundation Trust,E07000038
Derbyshire Community Health Services NHS Foundation Trust,E07000032
Derbyshire Community Health Services NHS Foundation Trust,E07000033
Derbyshire Community Health Services NHS Foundation Trust,E07000037
Derbyshire Community Health Services NHS Foundation Trust,E07000036
Derbyshire Community Health Services NHS Foundation Trust,E06000015
Derbyshire Community Health Services NHS Foundation Trust,E07000035
Derbyshire Community Health Services NHS Foundation Trust,E07000133
Derbyshire Community Health Services NHS Foundation Trust,E07000034
Derbyshire Healthcare NHS Foundation Trust,E07000034
Derbyshire Healthcare NHS Foundation Trust,E06000015
Derbyshire Healthcare NHS Foundation Trust,E07000036
Devon Partnership NHS Trust,E07000046
Devon Partnership NHS Trust,E07000042
Devon Partnership NHS Trust,E07000041
Devon Partnership NHS Trust,E07000045
Devon Partnership NHS Trust,E07000043
Devon Partnership NHS Trust,E07000047
Devon Partnership NHS Trust,E06000027
Doncaster and Bassetlaw Teaching Hospitals NHS Foundation Trust,E08000016
Doncaster and Bassetlaw Teaching Hospitals NHS Foundation Trust,E07000171
Doncaster and Bassetlaw Teaching Hospitals NHS Foundation Trust,E08000017
Doncaster and Bassetlaw Teaching Hospitals NHS Foundation Trust,E08000018
Dorset County Hospital NHS Foundation Trust,E06000059
Dorset Healthcare University NHS Foundation Trust,E06000058
Dorset Healthcare University NHS Foundation Trust,E06000059
East and North Hertfordshire NHS Trust,E07000242
East and North Hertfordshire NHS Trust,E07000243
East and North Hertfordshire NHS Trust,E07000241
East Cheshire NHS Trust,E06000049
East Kent Hospitals University NHS Foundation Trust,E07000108
East Kent Hospitals University NHS Foundation Trust,E07000113
East Kent Hospitals University NHS Foundation Trust,E07000106
East Kent Hospitals University NHS Foundation Trust,E06000035
East Kent Hospitals University NHS Foundation Trust,E07000105
East Kent Hospitals University NHS Foundation Trust,E07000114
East Kent Hospitals University NHS Foundation Trust,E07000112
East Kent Hospitals University NHS Foundation Trust,E09000033
East Kent Hospitals University NHS Foundation Trust,E07000110
East Lancashire Hospitals NHS Trust,E07000120
East Lancashire Hospitals NHS Trust,E06000008
East Lancashire Hospitals NHS Trust,E07000117
East Lancashire Hospitals NHS Trust,E07000124
East Lancashire Hospitals NHS Trust,E07000122
East London NHS Foundation Trust,E09000012
East London NHS Foundation Trust,E09000025
East London NHS Foundation Trust,E06000032
East London NHS Foundation Trust,E09000030
East London NHS Foundation Trust,E09000027
East London NHS Foundation Trust,E06000056
East Suffolk and North Essex NHS Foundation Trust,E07000244
East Suffolk and North Essex NHS Foundation Trust,E07000076
East Suffolk and North Essex NHS Foundation Trust,E07000071
East Suffolk and North Essex NHS Foundation Trust,E07000067
East Suffolk and North Essex NHS Foundation Trust,E07000203
East Suffolk and North Essex NHS Foundation Trust,E07000202
East Sussex Healthcare NHS Trust,E07000065
East Sussex Healthcare NHS Trust,E07000064
East Sussex Healthcare NHS Trust,E07000062
East Sussex Healthcare NHS Trust,E07000061
East Sussex Healthcare NHS Trust,E07000063
Epsom and St Helier University Hospitals NHS Trust,E07000210
Epsom and St Helier University Hospitals NHS Trust,E07000226
Epsom and St Helier University Hospitals NHS Trust,E07000211
Epsom and St Helier University Hospitals NHS Trust,E07000208
Epsom and St Helier University Hospitals NHS Trust,E07000089
Epsom and St Helier University Hospitals NHS Trust,E07000214
Epsom and St Helier University Hospitals NHS Trust,E07000207
Epsom and St Helier University Hospitals NHS Trust,E09000024
Epsom and St Helier University Hospitals NHS Trust,E09000029
Epsom and St Helier University Hospitals NHS Trust,E09000032
Epsom and St Helier University Hospitals NHS Trust,E07000209
Epsom and St Helier University Hospitals NHS Trust,E07000212
Epsom and St Helier University Hospitals NHS Trust,E09000021
Epsom and St Helier University Hospitals NHS Trust,E07000217
Essex Partnership University NHS Foundation Trust,E07000066
Essex Partnership University NHS Foundation Trust,E07000068
Essex Partnership University NHS Foundation Trust,E07000070
Essex Partnership University NHS Foundation Trust,E07000242
Essex Partnership University NHS Foundation Trust,E07000073
Essex Partnership University NHS Foundation Trust,E07000075
Essex Partnership University NHS Foundation Trust,E07000077
Essex Partnership University NHS Foundation Trust,E07000072
Essex Partnership University NHS Foundation Trust,E06000034
Frimley Health NHS Foundation Trust,E09000013
Frimley Health NHS Foundation Trust,E07000089
Frimley Health NHS Foundation Trust,E07000216
Frimley Health NHS Foundation Trust,E07000214
Frimley Health NHS Foundation Trust,E06000040
Frimley Health NHS Foundation Trust,E07000178
Frimley Health NHS Foundation Trust,E07000228
Frimley Health NHS Foundation Trust,E06000038
Frimley Health NHS Foundation Trust,E09000020
Frimley Health NHS Foundation Trust,E06000060
Frimley Health NHS Foundation Trust,E06000039
Gateshead Health NHS Foundation Trust,E08000037
Gateshead Health NHS Foundation Trust,E08000024
George Eliot Hospital NHS Trust,E07000219
Gloucestershire Care Services NHS Trust,E07000079
Gloucestershire Care Services NHS Trust,E07000080
Gloucestershire Care Services NHS Trust,E07000081
Gloucestershire Care Services NHS Trust,E07000082
Gloucestershire Care Services NHS Trust,E07000083
Gloucestershire Health and Care NHS Foundation Trust,E07000081
Gloucestershire Health and Care NHS Foundation Trust,E07000082
Gloucestershire Health and Care NHS Foundation Trust,E07000078
Gloucestershire Health and Care NHS Foundation Trust,E07000079
Gloucestershire Health and Care NHS Foundation Trust,E07000080
Gloucestershire Health and Care NHS Foundation Trust,E07000083
Gloucestershire Health and Care NHS Foundation Trust,E06000019
Gloucestershire Hospitals NHS Foundation Trust,E07000078
Gloucestershire Hospitals NHS Foundation Trust,E07000079
Gloucestershire Hospitals NHS Foundation Trust,E07000080
Gloucestershire Hospitals NHS Foundation Trust,E07000081
Gloucestershire Hospitals NHS Foundation Trust,E07000082
Gloucestershire Hospitals NHS Foundation Trust,E07000083
Great Ormond Street Hospital for Children NHS Foundation Trust,E07000070
Great Ormond Street Hospital for Children NHS Foundation Trust,E07000071
Great Ormond Street Hospital for Children NHS Foundation Trust,E09000020
Great Ormond Street Hospital for Children NHS Foundation Trust,E09000007
Great Ormond Street Hospital for Children NHS Foundation Trust,E09000026
Great Ormond Street Hospital for Children NHS Foundation Trust,E06000033
Great Ormond Street Hospital for Children NHS Foundation Trust,E07000072
Great Ormond Street Hospital for Children NHS Foundation Trust,E07000041
Great Ormond Street Hospital for Children NHS Foundation Trust,E09000030
Great Western Hospitals NHS Foundation Trust,E06000054
Great Western Hospitals NHS Foundation Trust,E07000079
Great Western Hospitals NHS Foundation Trust,E06000030
Greater Manchester Mental Health NHS Foundation Trust,E08000001
Greater Manchester Mental Health NHS Foundation Trust,E08000002
Greater Manchester Mental Health NHS Foundation Trust,E08000009
Greater Manchester Mental Health NHS Foundation Trust,E08000003
Greater Manchester Mental Health NHS Foundation Trust,E08000006
Guy's and St Thomas' NHS Foundation Trust,E07000107
Guy's and St Thomas' NHS Foundation Trust,E09000028
Guy's and St Thomas' NHS Foundation Trust,E07000109
Guy's and St Thomas' NHS Foundation Trust,E06000043
Guy's and St Thomas' NHS Foundation Trust,E07000062
Guy's and St Thomas' NHS Foundation Trust,E06000026
Guy's and St Thomas' NHS Foundation Trust,E07000061
Guy's and St Thomas' NHS Foundation Trust,E07000208
Guy's and St Thomas' NHS Foundation Trust,E07000214
Guy's and St Thomas' NHS Foundation Trust,E07000110
Guy's and St Thomas' NHS Foundation Trust,E06000035
Guy's and St Thomas' NHS Foundation Trust,E07000149
Guy's and St Thomas' NHS Foundation Trust,E07000228
Guy's and St Thomas' NHS Foundation Trust,E09000030
Guy's and St Thomas' NHS Foundation Trust,E07000105
Guy's and St Thomas' NHS Foundation Trust,E09000022
Guy's and St Thomas' NHS Foundation Trust,E09000006
Guy's and St Thomas' NHS Foundation Trust,E09000011
Guy's and St Thomas' NHS Foundation Trust,E09000004
Guy's and St Thomas' NHS Foundation Trust,E09000019
Guy's and St Thomas' NHS Foundation Trust,E09000023
Guy's and St Thomas' NHS Foundation Trust,E07000229
Hampshire Hospitals NHS Foundation Trust,E07000093
Hampshire Hospitals NHS Foundation Trust,E07000084
Hampshire Hospitals NHS Foundation Trust,E07000085
Hampshire Hospitals NHS Foundation Trust,E07000094
Harrogate and District NHS Foundation Trust,E08000032
Harrogate and District NHS Foundation Trust,E07000164
Harrogate and District NHS Foundation Trust,E07000166
Harrogate and District NHS Foundation Trust,E07000165
Harrogate and District NHS Foundation Trust,E08000035
Harrogate and District NHS Foundation Trust,E07000167
Harrogate and District NHS Foundation Trust,E07000168
Harrogate and District NHS Foundation Trust,E07000163
Harrogate and District NHS Foundation Trust,E07000169
Harrogate and District NHS Foundation Trust,E06000014
Hertfordshire Community NHS Trust,E07000095
Hertfordshire Community NHS Trust,E07000240
Hertfordshire Community NHS Trust,E07000096
Hertfordshire Community NHS Trust,E07000242
Hertfordshire Community NHS Trust,E07000243
Hertfordshire Community NHS Trust,E07000098
Hertfordshire Community NHS Trust,E07000241
Hertfordshire Community NHS Trust,E07000099
Hertfordshire Community NHS Trust,E07000103
Hertfordshire Partnership University NHS Foundation Trust,E07000240
Hertfordshire Partnership University NHS Foundation Trust,E07000144
Hertfordshire Partnership University NHS Foundation Trust,E07000243
Hertfordshire Partnership University NHS Foundation Trust,E07000072
Homerton University Hospital NHS Foundation Trust,E09000012
Hounslow and Richmond Community Healthcare NHS Trust,E09000027
Hull University Teaching Hospitals NHS Trust,E06000011
Hull University Teaching Hospitals NHS Trust,E06000010
Hull University Teaching Hospitals NHS Trust,E07000167
Hull University Teaching Hospitals NHS Trust,E07000168
Hull University Teaching Hospitals NHS Trust,E06000013
Hull University Teaching Hospitals NHS Trust,E08000035
Hull University Teaching Hospitals NHS Trust,E06000014
Humber Teaching NHS Foundation Trust,E06000011
Humber Teaching NHS Foundation Trust,E06000010
Humber Teaching NHS Foundation Trust,E07000167
Humber Teaching NHS Foundation Trust,E07000168
Imperial College Healthcare NHS Trust,E09000013
Imperial College Healthcare NHS Trust,E09000033
Isle Of Wight NHS Trust,E06000046
James Paget University Hospitals NHS Foundation Trust,E07000145
Kent and Medway NHS and Social Care Partnership Trust,E07000107
Kent and Medway NHS and Social Care Partnership Trust,E06000035
Kent and Medway NHS and Social Care Partnership Trust,E07000110
Kent and Medway NHS and Social Care Partnership Trust,E07000106
Kent Community Health NHS Foundation Trust,E07000111
Kent Community Health NHS Foundation Trust,E07000113
Kent Community Health NHS Foundation Trust,E07000109
Kent Community Health NHS Foundation Trust,E07000116
Kent Community Health NHS Foundation Trust,E07000106
Kent Community Health NHS Foundation Trust,E07000107
Kent Community Health NHS Foundation Trust,E07000112
Kent Community Health NHS Foundation Trust,E07000115
Kent Community Health NHS Foundation Trust,E07000108
Kettering General Hospital NHS Foundation Trust,E06000016
Kettering General Hospital NHS Foundation Trust,E07000156
Kettering General Hospital NHS Foundation Trust,E07000153
Kettering General Hospital NHS Foundation Trust,E07000131
King's College Hospital NHS Foundation Trust,E07000107
King's College Hospital NHS Foundation Trust,E09000004
King's College Hospital NHS Foundation Trust,E09000022
King's College Hospital NHS Foundation Trust,E09000006
Kingston Hospital NHS Foundation Trust,E07000210
Kingston Hospital NHS Foundation Trust,E07000207
Kingston Hospital NHS Foundation Trust,E07000208
Kingston Hospital NHS Foundation Trust,E09000021
Kingston Hospital NHS Foundation Trust,E09000019
Kingston Hospital NHS Foundation Trust,E09000024
Kingston Hospital NHS Foundation Trust,E09000032
Kingston Hospital NHS Foundation Trust,E09000013
Kingston Hospital NHS Foundation Trust,E09000029
Kingston Hospital NHS Foundation Trust,E09000027
Lancashire & South Cumbria NHS Foundation Trust,E07000124
Lancashire & South Cumbria NHS Foundation Trust,E07000027
Lancashire & South Cumbria NHS Foundation Trust,E07000127
Lancashire & South Cumbria NHS Foundation Trust,E07000121
Lancashire & South Cumbria NHS Foundation Trust,E07000123
Lancashire & South Cumbria NHS Foundation Trust,E06000008
Lancashire & South Cumbria NHS Foundation Trust,E07000119
Lancashire & South Cumbria NHS Foundation Trust,E07000031
Lancashire Teaching Hospitals NHS Foundation Trust,E07000118
Lancashire Teaching Hospitals NHS Foundation Trust,E07000119
Lancashire Teaching Hospitals NHS Foundation Trust,E07000123
Leeds and York Partnership NHS Foundation Trust,E08000035
Leeds and York Partnership NHS Foundation Trust,E06000014
Leeds Community Healthcare NHS Trust,E08000035
Leeds Teaching Hospitals NHS Trust,E08000032
Leeds Teaching Hospitals NHS Trust,E06000011
Leeds Teaching Hospitals NHS Trust,E08000035
Leeds Teaching Hospitals NHS Trust,E06000012
Leeds Teaching Hospitals NHS Trust,E07000164
Leeds Teaching Hospitals NHS Trust,E07000165
Leeds Teaching Hospitals NHS Trust,E08000036
Leeds Teaching Hospitals NHS Trust,E07000168
Leeds Teaching Hospitals NHS Trust,E06000013
Leeds Teaching Hospitals NHS Trust,E06000014
Lewisham and Greenwich NHS Trust,E09000023
Lewisham and Greenwich NHS Trust,E09000022
Lewisham and Greenwich NHS Trust,E09000006
Lewisham and Greenwich NHS Trust,E09000011
Lewisham and Greenwich NHS Trust,E09000004
Lincolnshire Community Health Services NHS Trust,E07000137
Lincolnshire Community Health Services NHS Trust,E06000012
Lincolnshire Community Health Services NHS Trust,E07000141
Lincolnshire Community Health Services NHS Trust,E07000142
Lincolnshire Community Health Services NHS Trust,E07000140
Lincolnshire Community Health Services NHS Trust,E07000138
Lincolnshire Community Health Services NHS Trust,E06000031
Lincolnshire Community Health Services NHS Trust,E07000136
Lincolnshire Partnership NHS Foundation Trust,E07000136
Lincolnshire Partnership NHS Foundation Trust,E07000138
Lincolnshire Partnership NHS Foundation Trust,E07000140
Lincolnshire Partnership NHS Foundation Trust,E07000141
Lincolnshire Partnership NHS Foundation Trust,E07000139
Liverpool Heart and Chest NHS Foundation Trust,E08000012
Liverpool University Hospitals NHS Foundation Trust,E08000012
Liverpool Women's NHS Foundation Trust,E08000012
London North West University Healthcare NHS Trust,E09000005
London North West University Healthcare NHS Trust,E09000009
Luton and Dunstable University Hospital NHS Foundation Trust,E07000240
Luton and Dunstable University Hospital NHS Foundation Trust,E06000032
Maidstone and Tunbridge Wells NHS Trust,E07000108
Maidstone and Tunbridge Wells NHS Trust,E07000113
Maidstone and Tunbridge Wells NHS Trust,E07000109
Maidstone and Tunbridge Wells NHS Trust,E07000116
Maidstone and Tunbridge Wells NHS Trust,E07000110
Maidstone and Tunbridge Wells NHS Trust,E06000035
Maidstone and Tunbridge Wells NHS Trust,E07000114
Maidstone and Tunbridge Wells NHS Trust,E07000106
Maidstone and Tunbridge Wells NHS Trust,E07000112
Maidstone and Tunbridge Wells NHS Trust,E07000111
Maidstone and Tunbridge Wells NHS Trust,E07000107
Maidstone and Tunbridge Wells NHS Trust,E07000065
Maidstone and Tunbridge Wells NHS Trust,E07000105
Manchester University NHS Foundation Trust,E08000009
Manchester University NHS Foundation Trust,E08000003
Medway NHS Foundation Trust,E07000116
Medway NHS Foundation Trust,E09000023
Medway NHS Foundation Trust,E09000006
Medway NHS Foundation Trust,E07000065
Medway NHS Foundation Trust,E07000111
Medway NHS Foundation Trust,E07000109
Medway NHS Foundation Trust,E07000110
Medway NHS Foundation Trust,E06000035
Medway NHS Foundation Trust,E07000105
Medway NHS Foundation Trust,E07000113
Medway NHS Foundation Trust,E09000008
Mersey Care NHS Foundation Trust,E08000014
Mersey Care NHS Foundation Trust,E08000012
Mid and South Essex Foundation Trust,E07000066
Mid and South Essex Foundation Trust,E07000067
Mid and South Essex Foundation Trust,E07000068
Mid and South Essex Foundation Trust,E07000071
Mid and South Essex Foundation Trust,E07000242
Mid and South Essex Foundation Trust,E06000033
Mid and South Essex Foundation Trust,E07000070
Mid and South Essex Foundation Trust,E07000076
Mid and South Essex Foundation Trust,E09000007
Mid and South Essex Foundation Trust,E07000072
Mid and South Essex Foundation Trust,E09000012
Mid and South Essex Foundation Trust,E07000244
Mid and South Essex Foundation Trust,E09000016
Mid and South Essex Foundation Trust,E06000034
Mid and South Essex Foundation Trust,E07000073
Mid and South Essex Foundation Trust,E07000075
Mid and South Essex Foundation Trust,E09000030
Mid and South Essex Foundation Trust,E07000074
Mid and South Essex Foundation Trust,E09000031
Mid Cheshire Hospitals NHS Foundation Trust,E06000049
Mid Cheshire Hospitals NHS Foundation Trust,E06000050
Mid Yorkshire Hospitals NHS Trust,E08000034
Mid Yorkshire Hospitals NHS Trust,E08000036
Midlands Partnership NHS Foundation Trust,E07000195
Midlands Partnership NHS Foundation Trust,E07000192
Midlands Partnership NHS Foundation Trust,E07000198
Midlands Partnership NHS Foundation Trust,E06000021
Midlands Partnership NHS Foundation Trust,E07000194
Midlands Partnership NHS Foundation Trust,E07000197
Midlands Partnership NHS Foundation Trust,E06000051
Milton Keynes University Hospital NHS Foundation Trust,E06000060
Milton Keynes University Hospital NHS Foundation Trust,E06000042
Moorfields Eye Hospital NHS Foundation Trust,E09000029
Moorfields Eye Hospital NHS Foundation Trust,E09000008
Moorfields Eye Hospital NHS Foundation Trust,E09000005
Moorfields Eye Hospital NHS Foundation Trust,E09000019
Moorfields Eye Hospital NHS Foundation Trust,E09000030
Norfolk and Norwich University Hospitals NHS Foundation Trust,E07000147
Norfolk and Norwich University Hospitals NHS Foundation Trust,E07000149
Norfolk and Suffolk NHS Foundation Trust,E07000145
Norfolk and Suffolk NHS Foundation Trust,E07000244
Norfolk and Suffolk NHS Foundation Trust,E07000143
Norfolk and Suffolk NHS Foundation Trust,E07000202
Norfolk and Suffolk NHS Foundation Trust,E07000203
Norfolk and Suffolk NHS Foundation Trust,E07000148
Norfolk and Suffolk NHS Foundation Trust,E07000149
Norfolk and Suffolk NHS Foundation Trust,E07000144
Norfolk and Suffolk NHS Foundation Trust,E07000245
Norfolk and Suffolk NHS Foundation Trust,E07000200
Norfolk Community Health and Care NHS Trust,E07000148
Norfolk Community Health and Care NHS Trust,E07000147
Norfolk Community Health and Care NHS Trust,E07000143
Norfolk Community Health and Care NHS Trust,E07000010
Norfolk Community Health and Care NHS Trust,E07000144
Norfolk Community Health and Care NHS Trust,E07000149
Norfolk Community Health and Care NHS Trust,E07000146
North Bristol NHS Trust,E06000023
North Bristol NHS Trust,E06000025
North Cumbria Integrated Care NHS Foundation Trust,E07000030
North Cumbria Integrated Care NHS Foundation Trust,E07000028
North Cumbria Integrated Care NHS Foundation Trust,E07000026
North Cumbria Integrated Care NHS Foundation Trust,E07000027
North Cumbria Integrated Care NHS Foundation Trust,E07000029
North Cumbria University Hospitals NHS Trust,E07000028
North Cumbria University Hospitals NHS Trust,E07000030
North Cumbria University Hospitals NHS Trust,E07000029
North East London NHS Foundation Trust,E09000002
North East London NHS Foundation Trust,E07000066
North East London NHS Foundation Trust,E07000068
North East London NHS Foundation Trust,E09000026
North East London NHS Foundation Trust,E06000034
North East London NHS Foundation Trust,E09000016
North East London NHS Foundation Trust,E09000031
North Middlesex University Hospital NHS Trust,E09000010
North Staffordshire Combined Healthcare NHS Trust,E06000021
North Tees and Hartlepool NHS Foundation Trust,E06000003
North Tees and Hartlepool NHS Foundation Trust,E06000047
North Tees and Hartlepool NHS Foundation Trust,E07000164
North Tees and Hartlepool NHS Foundation Trust,E06000001
North Tees and Hartlepool NHS Foundation Trust,E06000004
North Tees and Hartlepool NHS Foundation Trust,E06000005
North West Anglia NHS Foundation Trust,E07000010
North West Anglia NHS Foundation Trust,E07000011
North West Anglia NHS Foundation Trust,E06000031
North West Anglia NHS Foundation Trust,E07000009
North West Anglia NHS Foundation Trust,E07000141
North West Boroughs Healthcare NHS Foundation Trust,E08000014
Northampton General Hospital NHS Trust,E07000151
Northampton General Hospital NHS Trust,E07000154
Northamptonshire Healthcare NHS Foundation Trust,E07000154
Northamptonshire Healthcare NHS Foundation Trust,E07000150
Northamptonshire Healthcare NHS Foundation Trust,E07000151
Northamptonshire Healthcare NHS Foundation Trust,E07000156
Northamptonshire Healthcare NHS Foundation Trust,E07000153
Northern Devon Healthcare NHS Trust,E07000046
Northern Devon Healthcare NHS Trust,E07000040
Northern Devon Healthcare NHS Trust,E07000041
Northern Devon Healthcare NHS Trust,E07000043
Northern Devon Healthcare NHS Trust,E06000052
Northern Devon Healthcare NHS Trust,E07000045
Northern Devon Healthcare NHS Trust,E07000042
Northern Lincolnshire and Goole NHS Foundation Trust,E06000012
Northern Lincolnshire and Goole NHS Foundation Trust,E06000011
Northern Lincolnshire and Goole NHS Foundation Trust,E07000138
Northern Lincolnshire and Goole NHS Foundation Trust,E07000137
Northern Lincolnshire and Goole NHS Foundation Trust,E07000136
Northern Lincolnshire and Goole NHS Foundation Trust,E06000013
Northumbria Healthcare NHS Foundation Trust,E06000057
Northumbria Healthcare NHS Foundation Trust,E08000022
Northumbria Healthcare NHS Foundation Trust,E07000029
Nottingham University Hospitals NHS Trust,E07000036
Nottingham University Hospitals NHS Trust,E07000175
Nottingham University Hospitals NHS Trust,E06000018
Nottingham University Hospitals NHS Trust,E07000173
Nottingham University Hospitals NHS Trust,E07000176
Nottinghamshire Healthcare NHS Foundation Trust,E07000171
Nottinghamshire Healthcare NHS Foundation Trust,E06000018
Nottinghamshire Healthcare NHS Foundation Trust,E07000176
Nottinghamshire Healthcare NHS Foundation Trust,E07000170
Nottinghamshire Healthcare NHS Foundation Trust,E08000018
Oxford Health NHS Foundation Trust,E07000180
Oxford Health NHS Foundation Trust,E07000177
Oxford Health NHS Foundation Trust,E07000179
Oxford Health NHS Foundation Trust,E07000178
Oxford Health NHS Foundation Trust,E06000054
Oxford Health NHS Foundation Trust,E06000060
Oxford Health NHS Foundation Trust,E07000181
Oxford University Hospitals NHS Foundation Trust,E08000025
Oxford University Hospitals NHS Foundation Trust,E06000023
Oxford University Hospitals NHS Foundation Trust,E07000178
Oxford University Hospitals NHS Foundation Trust,E06000026
Oxford University Hospitals NHS Foundation Trust,E07000221
Oxford University Hospitals NHS Foundation Trust,E07000180
Oxford University Hospitals NHS Foundation Trust,E06000025
Oxford University Hospitals NHS Foundation Trust,E07000214
Oxford University Hospitals NHS Foundation Trust,E07000177
Oxford University Hospitals NHS Foundation Trust,E06000042
Oxford University Hospitals NHS Foundation Trust,E07000079
Oxford University Hospitals NHS Foundation Trust,E07000154
Oxford University Hospitals NHS Foundation Trust,E09000015
Oxford University Hospitals NHS Foundation Trust,E08000035
Oxford University Hospitals NHS Foundation Trust,E09000005
Oxford University Hospitals NHS Foundation Trust,E06000060
Oxford University Hospitals NHS Foundation Trust,E07000179
Oxford University Hospitals NHS Foundation Trust,E06000030
Oxford University Hospitals NHS Foundation Trust,E06000039
Oxford University Hospitals NHS Foundation Trust,E06000037
Oxford University Hospitals NHS Foundation Trust,E07000181
Oxleas NHS Foundation Trust,E09000006
Oxleas NHS Foundation Trust,E09000011
Oxleas NHS Foundation Trust,E09000004
Oxleas NHS Foundation Trust,E07000109
Pennine Acute Hospitals NHS Trust,E08000005
Pennine Acute Hospitals NHS Trust,E08000002
Pennine Acute Hospitals NHS Trust,E08000003
Pennine Acute Hospitals NHS Trust,E08000004
Pennine Care NHS Foundation Trust,E08000009
Pennine Care NHS Foundation Trust,E08000005
Pennine Care NHS Foundation Trust,E08000002
Pennine Care NHS Foundation Trust,E08000007
Pennine Care NHS Foundation Trust,E08000004
Pennine Care NHS Foundation Trust,E08000008
Poole Hospital NHS Foundation Trust,E06000059
Poole Hospital NHS Foundation Trust,E06000058
Portsmouth Hospitals NHS Trust,E07000085
Portsmouth Hospitals NHS Trust,E07000093
Portsmouth Hospitals NHS Trust,E07000084
Portsmouth Hospitals NHS Trust,E07000224
Portsmouth Hospitals NHS Trust,E07000090
Portsmouth Hospitals NHS Trust,E07000087
Portsmouth Hospitals NHS Trust,E07000088
Portsmouth Hospitals NHS Trust,E07000091
Portsmouth Hospitals NHS Trust,E06000044
Portsmouth Hospitals NHS Trust,E07000094
Portsmouth Hospitals NHS Trust,E06000045
Portsmouth Hospitals NHS Trust,E07000225
Queen Victoria Hospital NHS Foundation Trust,E07000064
Queen Victoria Hospital NHS Foundation Trust,E07000108
Queen Victoria Hospital NHS Foundation Trust,E07000062
Queen Victoria Hospital NHS Foundation Trust,E07000211
Queen Victoria Hospital NHS Foundation Trust,E07000061
Queen Victoria Hospital NHS Foundation Trust,E07000114
Queen Victoria Hospital NHS Foundation Trust,E07000228
Queen Victoria Hospital NHS Foundation Trust,E07000107
Queen Victoria Hospital NHS Foundation Trust,E07000113
Queen Victoria Hospital NHS Foundation Trust,E07000106
Queen Victoria Hospital NHS Foundation Trust,E07000110
Queen Victoria Hospital NHS Foundation Trust,E06000035
Queen Victoria Hospital NHS Foundation Trust,E07000111
Queen Victoria Hospital NHS Foundation Trust,E07000065
Queen Victoria Hospital NHS Foundation Trust,E07000105
Queen Victoria Hospital NHS Foundation Trust,E07000212
Robert Jones and Agnes Hunt Orthopaedic and District Hospital NHS Trust,E06000049
Robert Jones and Agnes Hunt Orthopaedic and District Hospital NHS Trust,E06000051
Robert Jones and Agnes Hunt Orthopaedic and District Hospital NHS Trust,E08000003
Robert Jones and Agnes Hunt Orthopaedic and District Hospital NHS Trust,E06000020
Robert Jones and Agnes Hunt Orthopaedic and District Hospital NHS Trust,W06000006
Robert Jones and Agnes Hunt Orthopaedic and District Hospital NHS Trust,E06000019
Rotherham Doncaster and South Humber NHS Foundation Trust,E08000017
Rotherham Doncaster and South Humber NHS Foundation Trust,E06000013
Rotherham Doncaster and South Humber NHS Foundation Trust,E08000018
Royal Berkshire NHS Foundation Trust,E06000036
Royal Berkshire NHS Foundation Trust,E07000179
Royal Berkshire NHS Foundation Trust,E06000060
Royal Berkshire NHS Foundation Trust,E06000040
Royal Berkshire NHS Foundation Trust,E06000038
Royal Berkshire NHS Foundation Trust,E09000033
Royal Berkshire NHS Foundation Trust,E06000037
Royal Berkshire NHS Foundation Trust,E06000041
Royal Brompton and Harefield NHS Foundation Trust,E09000017
Royal Brompton and Harefield NHS Foundation Trust,E09000020
Royal Cornwall Hospitals NHS Trust,E06000052
Royal Cornwall Hospitals NHS Trust,E06000053
Royal Devon and Exeter NHS Foundation Trust,E07000040
Royal Devon and Exeter NHS Foundation Trust,E07000046
Royal Devon and Exeter NHS Foundation Trust,E06000052
Royal Devon and Exeter NHS Foundation Trust,E07000042
Royal Devon and Exeter NHS Foundation Trust,E07000045
Royal Devon and Exeter NHS Foundation Trust,E06000026
Royal Devon and Exeter NHS Foundation Trust,E07000041
Royal Devon and Exeter NHS Foundation Trust,E07000043
Royal Devon and Exeter NHS Foundation Trust,E07000047
Royal Free London NHS Foundation Trust,E09000003
Royal Free London NHS Foundation Trust,E09000010
Royal Free London NHS Foundation Trust,E07000095
Royal Free London NHS Foundation Trust,E09000033
Royal Free London NHS Foundation Trust,E09000017
Royal Free London NHS Foundation Trust,E07000098
Royal Free London NHS Foundation Trust,E09000007
Royal Free London NHS Foundation Trust,E07000240
Royal Free London NHS Foundation Trust,E09000019
Royal Free London NHS Foundation Trust,E07000103
Royal National Orthopaedic Hospital NHS Trust,E09000033
Royal National Orthopaedic Hospital NHS Trust,E07000098
Royal National Orthopaedic Hospital NHS Trust,E09000015
Royal Papworth Hospital NHS Foundation Trust,E07000008
Royal Surrey NHS Foundation Trust,E07000213
Royal Surrey NHS Foundation Trust,E07000089
Royal Surrey NHS Foundation Trust,E07000210
Royal Surrey NHS Foundation Trust,E07000216
Royal Surrey NHS Foundation Trust,E07000211
Royal Surrey NHS Foundation Trust,E07000209
Royal Surrey NHS Foundation Trust,E06000040
Royal Surrey NHS Foundation Trust,E07000084
Royal Surrey NHS Foundation Trust,E07000212
Royal Surrey NHS Foundation Trust,E06000060
Royal Surrey NHS Foundation Trust,E07000217
Royal United Hospitals Bath NHS Foundation Trust,E06000054
Royal United Hospitals Bath NHS Foundation Trust,E06000022
Royal United Hospitals Bath NHS Foundation Trust,E06000025
Royal United Hospitals Bath NHS Foundation Trust,E07000079
Salford Royal NHS Foundation Trust,E08000007
Salford Royal NHS Foundation Trust,E08000005
Salford Royal NHS Foundation Trust,E08000003
Salford Royal NHS Foundation Trust,E07000037
Salford Royal NHS Foundation Trust,E08000002
Salford Royal NHS Foundation Trust,E06000049
Salford Royal NHS Foundation Trust,E08000006
Salford Royal NHS Foundation Trust,E08000001
Salford Royal NHS Foundation Trust,E08000004
Salford Royal NHS Foundation Trust,E08000009
Salford Royal NHS Foundation Trust,E07000127
Salisbury NHS Foundation Trust,E07000084
Salisbury NHS Foundation Trust,E06000059
Salisbury NHS Foundation Trust,E06000058
Salisbury NHS Foundation Trust,E06000045
Salisbury NHS Foundation Trust,E06000054
Salisbury NHS Foundation Trust,E07000091
Salisbury NHS Foundation Trust,E06000025
Salisbury NHS Foundation Trust,E06000044
Salisbury NHS Foundation Trust,E07000094
Salisbury NHS Foundation Trust,E06000022
Salisbury NHS Foundation Trust,E06000030
Salisbury NHS Foundation Trust,E07000189
Sandwell and West Birmingham Hospitals NHS Trust,E08000025
Sandwell and West Birmingham Hospitals NHS Trust,E08000028
Sandwell and West Birmingham Hospitals NHS Trust,E08000027
Sheffield Children's NHS Foundation Trust,E08000016
Sheffield Children's NHS Foundation Trust,E07000171
Sheffield Children's NHS Foundation Trust,E07000034
Sheffield Children's NHS Foundation Trust,E06000012
Sheffield Children's NHS Foundation Trust,E08000017
Sheffield Children's NHS Foundation Trust,E08000018
Sheffield Children's NHS Foundation Trust,E06000013
Sheffield Children's NHS Foundation Trust,E08000019
Sheffield Health and Social Care NHS Foundation Trust,E08000019
Sheffield Teaching Hospitals NHS Foundation Trust,E08000007
Sheffield Teaching Hospitals NHS Foundation Trust,E09000020
Sheffield Teaching Hospitals NHS Foundation Trust,E08000019
Sheffield Teaching Hospitals NHS Foundation Trust,E06000016
Sheffield Teaching Hospitals NHS Foundation Trust,E07000142
Sheffield Teaching Hospitals NHS Foundation Trust,E07000138
Sheffield Teaching Hospitals NHS Foundation Trust,E08000017
Sheffield Teaching Hospitals NHS Foundation Trust,E07000035
Sheffield Teaching Hospitals NHS Foundation Trust,E08000036
Sheffield Teaching Hospitals NHS Foundation Trust,E08000018
Sheffield Teaching Hospitals NHS Foundation Trust,E09000030
Sherwood Forest Hospitals NHS Foundation Trust,E07000170
Sherwood Forest Hospitals NHS Foundation Trust,E07000174
Sherwood Forest Hospitals NHS Foundation Trust,E07000175
Shrewsbury and Telford Hospital NHS Trust,E06000051
Shrewsbury and Telford Hospital NHS Trust,E06000020
Shropshire Community Health NHS Trust,E06000051
Solent NHS Trust,E07000091
Solent NHS Trust,E06000036
Solent NHS Trust,E07000085
Solent NHS Trust,E07000090
Solent NHS Trust,E07000087
Solent NHS Trust,E07000089
Solent NHS Trust,E07000088
Solent NHS Trust,E06000060
Solent NHS Trust,E07000094
Solent NHS Trust,E07000086
Solent NHS Trust,E06000045
Solent NHS Trust,E06000044
Solent NHS Trust,E07000093
Solent NHS Trust,E06000046
Somerset Partnership NHS Foundation Trust,E07000188
Somerset Partnership NHS Foundation Trust,E07000187
Somerset Partnership NHS Foundation Trust,E07000189
Somerset Partnership NHS Foundation Trust,E07000246
Somerset Partnership NHS Foundation Trust,E06000059
South London and Maudsley NHS Foundation Trust,E09000006
South London and Maudsley NHS Foundation Trust,E09000008
South London and Maudsley NHS Foundation Trust,E09000028
South London and Maudsley NHS Foundation Trust,E09000022
South London and Maudsley NHS Foundation Trust,E09000023
South Tees Hospitals NHS Foundation Trust,E06000047
South Tees Hospitals NHS Foundation Trust,E06000057
South Tees Hospitals NHS Foundation Trust,E06000005
South Tees Hospitals NHS Foundation Trust,E06000003
South Tees Hospitals NHS Foundation Trust,E08000021
South Tees Hospitals NHS Foundation Trust,E07000164
South Tees Hospitals NHS Foundation Trust,E07000166
South Tees Hospitals NHS Foundation Trust,E07000028
South Tees Hospitals NHS Foundation Trust,E06000004
South Tees Hospitals NHS Foundation Trust,E06000002
South Tees Hospitals NHS Foundation Trust,E06000001
South Tyneside And Sunderland NHS Foundation Trust,E06000047
South Tyneside And Sunderland NHS Foundation Trust,E08000023
South Tyneside And Sunderland NHS Foundation Trust,E08000024
South Tyneside And Sunderland NHS Foundation Trust,E06000001
South Tyneside NHS Foundation Trust,E08000037
South Tyneside NHS Foundation Trust,E08000023
South Tyneside NHS Foundation Trust,E08000024
South Warwickshire NHS Foundation Trust,E07000219
South Warwickshire NHS Foundation Trust,E07000221
South Warwickshire NHS Foundation Trust,E07000222
South Warwickshire NHS Foundation Trust,E07000220
South West London and St George's Mental Health NHS Trust,E09000027
South West London and St George's Mental Health NHS Trust,E09000021
South West London and St George's Mental Health NHS Trust,E09000032
South West London and St George's Mental Health NHS Trust,E09000029
South West Yorkshire Partnership NHS Foundation Trust,E08000036
South West Yorkshire Partnership NHS Foundation Trust,E08000016
South Western Ambulance Service NHS Foundation Trust,E07000078
South Western Ambulance Service NHS Foundation Trust,E07000079
South Western Ambulance Service NHS Foundation Trust,E07000080
South Western Ambulance Service NHS Foundation Trust,E07000081
South Western Ambulance Service NHS Foundation Trust,E07000082
Southern Health NHS Foundation Trust,E07000085
Southern Health NHS Foundation Trust,E07000093
Southern Health NHS Foundation Trust,E07000091
Southern Health NHS Foundation Trust,E07000087
Southern Health NHS Foundation Trust,E07000089
Southern Health NHS Foundation Trust,E07000088
Southern Health NHS Foundation Trust,E07000086
Southern Health NHS Foundation Trust,E07000084
Southern Health NHS Foundation Trust,E06000045
Southern Health NHS Foundation Trust,E06000044
Southern Health NHS Foundation Trust,E07000090
Southport and Ormskirk Hospital NHS Trust,E07000127
Southport and Ormskirk Hospital NHS Trust,E08000014
St George's University Hospitals NHS Foundation Trust,E09000032
St George's University Hospitals NHS Foundation Trust,E09000022
St George's University Hospitals NHS Foundation Trust,E09000027
St Helens and Knowsley Hospitals NHS Trust,E07000127
St Helens and Knowsley Hospitals NHS Trust,E08000012
St Helens and Knowsley Hospitals NHS Trust,E08000014
St Helens and Knowsley Hospitals NHS Trust,E08000013
St Helens and Knowsley Hospitals NHS Trust,E06000007
St Helens and Knowsley Hospitals NHS Trust,E08000011
Stockport NHS Foundation Trust,E07000037
Stockport NHS Foundation Trust,E08000007
Surrey and Borders Partnership NHS Foundation Trust,E07000212
Surrey and Borders Partnership NHS Foundation Trust,E07000209
Surrey and Borders Partnership NHS Foundation Trust,E07000214
Surrey and Sussex Healthcare NHS Trust,E07000215
Surrey and Sussex Healthcare NHS Trust,E07000226
Surrey and Sussex Healthcare NHS Trust,E07000211
Surrey and Sussex Healthcare NHS Trust,E07000227
Sussex Community NHS Foundation Trust,E07000224
Sussex Community NHS Foundation Trust,E06000043
Sussex Community NHS Foundation Trust,E07000226
Sussex Community NHS Foundation Trust,E07000065
Sussex Community NHS Foundation Trust,E07000227
Sussex Community NHS Foundation Trust,E07000063
Sussex Community NHS Foundation Trust,E07000225
Sussex Partnership NHS Foundation Trust,E06000043
Sussex Partnership NHS Foundation Trust,E07000065
Sussex Partnership NHS Foundation Trust,E07000228
Sussex Partnership NHS Foundation Trust,E07000061
Sussex Partnership NHS Foundation Trust,E07000226
Sussex Partnership NHS Foundation Trust,E07000229
Sussex Partnership NHS Foundation Trust,E07000063
Tameside Hospital NHS Foundation Trust,E07000037
Tameside Hospital NHS Foundation Trust,E08000008
Taunton and Somerset NHS Foundation Trust,E07000188
Taunton and Somerset NHS Foundation Trust,E07000187
Taunton and Somerset NHS Foundation Trust,E07000246
Taunton and Somerset NHS Foundation Trust,E07000189
Taunton and Somerset NHS Foundation Trust,E06000059
"Tees, Esk and Wear Valleys NHS Foundation Trust",E06000047
"Tees, Esk and Wear Valleys NHS Foundation Trust",E06000014
"Tees, Esk and Wear Valleys NHS Foundation Trust",E07000168
"Tees, Esk and Wear Valleys NHS Foundation Trust",E07000164
"Tees, Esk and Wear Valleys NHS Foundation Trust",E06000003
"Tees, Esk and Wear Valleys NHS Foundation Trust",E06000002
"Tees, Esk and Wear Valleys NHS Foundation Trust",E06000001
"Tees, Esk and Wear Valleys NHS Foundation Trust",E06000005
"Tees, Esk and Wear Valleys NHS Foundation Trust",E07000165
The Christie NHS Foundation Trust,E08000004
The Christie NHS Foundation Trust,E08000003
The Clatterbridge Cancer Centre NHS Foundation Trust,E08000015
The Dudley Group NHS Foundation Trust,E08000027
The Hillingdon Hospitals NHS Foundation Trust,E09000017
The Hillingdon Hospitals NHS Foundation Trust,E09000007
The Newcastle Upon Tyne Hospitals NHS Foundation Trust,E08000037
The Newcastle Upon Tyne Hospitals NHS Foundation Trust,E06000047
The Newcastle Upon Tyne Hospitals NHS Foundation Trust,E06000005
The Newcastle Upon Tyne Hospitals NHS Foundation Trust,E08000021
The Newcastle Upon Tyne Hospitals NHS Foundation Trust,E06000002
The Newcastle Upon Tyne Hospitals NHS Foundation Trust,E07000026
The Newcastle Upon Tyne Hospitals NHS Foundation Trust,E06000057
The Newcastle Upon Tyne Hospitals NHS Foundation Trust,E07000030
The Newcastle Upon Tyne Hospitals NHS Foundation Trust,E08000024
The Newcastle Upon Tyne Hospitals NHS Foundation Trust,E06000001
The Newcastle Upon Tyne Hospitals NHS Foundation Trust,E06000004
The Princess Alexandra Hospital NHS Trust,E07000095
The Princess Alexandra Hospital NHS Trust,E07000242
The Princess Alexandra Hospital NHS Trust,E07000073
The Princess Alexandra Hospital NHS Trust,E07000072
"The Queen Elizabeth Hospital, King's Lynn. NHS Foundation Trust",E07000143
"The Queen Elizabeth Hospital, King's Lynn. NHS Foundation Trust",E06000031
"The Queen Elizabeth Hospital, King's Lynn. NHS Foundation Trust",E07000149
"The Queen Elizabeth Hospital, King's Lynn. NHS Foundation Trust",E07000010
"The Queen Elizabeth Hospital, King's Lynn. NHS Foundation Trust",E07000146
The Rotherham NHS Foundation Trust,E08000018
The Rotherham NHS Foundation Trust,E08000017
The Rotherham NHS Foundation Trust,E06000016
The Royal Bournemouth and Christchurch Hospitals NHS Foundation Trust,E06000059
The Royal Bournemouth and Christchurch Hospitals NHS Foundation Trust,E06000058
The Royal Bournemouth and Christchurch Hospitals NHS Foundation Trust,E07000091
The Royal Marsden NHS Foundation Trust,E09000021
The Royal Marsden NHS Foundation Trust,E09000020
The Royal Marsden NHS Foundation Trust,E09000029
The Royal Orthopaedic Hospital NHS Foundation Trust,E07000238
The Royal Orthopaedic Hospital NHS Foundation Trust,E08000025
The Royal Orthopaedic Hospital NHS Foundation Trust,E08000029
The Royal Wolverhampton NHS Trust,E07000192
The Royal Wolverhampton NHS Trust,E08000031
The Royal Wolverhampton NHS Trust,E07000197
The Royal Wolverhampton NHS Trust,E08000030
The Walton Centre NHS Foundation Trust,E08000015
The Walton Centre NHS Foundation Trust,E08000012
The Walton Centre NHS Foundation Trust,E06000050
The Walton Centre NHS Foundation Trust,E06000006
The Walton Centre NHS Foundation Trust,E08000014
The Walton Centre NHS Foundation Trust,E08000013
The Walton Centre NHS Foundation Trust,E08000011
Torbay and South Devon NHS Foundation Trust,E07000045
Torbay and South Devon NHS Foundation Trust,E07000046
Torbay and South Devon NHS Foundation Trust,E06000027
Torbay and South Devon NHS Foundation Trust,E07000042
Torbay and South Devon NHS Foundation Trust,E07000040
Torbay and South Devon NHS Foundation Trust,E07000047
Torbay and South Devon NHS Foundation Trust,E07000044
United Lincolnshire Hospitals NHS Trust,E07000137
United Lincolnshire Hospitals NHS Trust,E07000141
United Lincolnshire Hospitals NHS Trust,E07000142
United Lincolnshire Hospitals NHS Trust,E07000138
United Lincolnshire Hospitals NHS Trust,E07000136
United Lincolnshire Hospitals NHS Trust,E07000140
University College London Hospitals NHS Foundation Trust,E09000007
University College London Hospitals NHS Foundation Trust,E09000033
University Hospital of Derby and Burton NHS Foundation Trust,E07000037
University Hospital of Derby and Burton NHS Foundation Trust,E07000170
University Hospital of Derby and Burton NHS Foundation Trust,E06000015
University Hospital of Derby and Burton NHS Foundation Trust,E07000193
University Hospital of Derby and Burton NHS Foundation Trust,E07000194
University Hospital Southampton NHS Foundation Trust,E07000094
University Hospital Southampton NHS Foundation Trust,E06000058
University Hospital Southampton NHS Foundation Trust,E07000086
University Hospital Southampton NHS Foundation Trust,E06000045
University Hospitals Birmingham NHS Foundation Trust,E08000025
University Hospitals Birmingham NHS Foundation Trust,E08000029
University Hospitals Bristol and Weston NHS Foundation Trust,E06000023
University Hospitals Bristol and Weston NHS Foundation Trust,E06000024
University Hospitals Coventry and Warwickshire NHS Trust,E07000219
University Hospitals Coventry and Warwickshire NHS Trust,E07000220
University Hospitals Coventry and Warwickshire NHS Trust,E07000222
University Hospitals Coventry and Warwickshire NHS Trust,E08000026
University Hospitals Coventry and Warwickshire NHS Trust,E07000153
University Hospitals Coventry and Warwickshire NHS Trust,E07000237
University Hospitals Of Leicester NHS Trust,E07000134
University Hospitals Of Leicester NHS Trust,E07000131
University Hospitals Of Leicester NHS Trust,E06000016
University Hospitals Of Leicester NHS Trust,E07000132
University Hospitals Of Leicester NHS Trust,E07000130
University Hospitals Of Leicester NHS Trust,E07000133
University Hospitals Of Leicester NHS Trust,E07000154
University Hospitals Of Leicester NHS Trust,E06000017
University Hospitals Of Leicester NHS Trust,E07000135
University Hospitals Of Morecambe Bay NHS Foundation Trust,E07000027
University Hospitals Of Morecambe Bay NHS Foundation Trust,E07000121
University Hospitals Of Morecambe Bay NHS Foundation Trust,E07000031
University Hospitals of North Midlands,E07000197
University Hospitals of North Midlands,E06000021
University Hospitals Plymouth NHS Trust,E06000026
University Hospitals Plymouth NHS Trust,E06000052
University Hospitals Plymouth NHS Trust,E07000043
University Hospitals Plymouth NHS Trust,E07000047
University Hospitals Plymouth NHS Trust,E07000041
University Hospitals Plymouth NHS Trust,E07000044
University Hospitals Plymouth NHS Trust,E07000189
University Hospitals Plymouth NHS Trust,E09000029
University Hospitals Plymouth NHS Trust,E06000027
Walsall Healthcare NHS Trust,E08000025
Walsall Healthcare NHS Trust,E07000192
Walsall Healthcare NHS Trust,E08000030
Walsall Healthcare NHS Trust,E08000027
Walsall Healthcare NHS Trust,E07000194
Walsall Healthcare NHS Trust,E08000029
Warrington and Halton Hospitals NHS Foundation Trust,E08000009
Warrington and Halton Hospitals NHS Foundation Trust,E06000006
Warrington and Halton Hospitals NHS Foundation Trust,E08000013
Warrington and Halton Hospitals NHS Foundation Trust,E06000007
Warrington and Halton Hospitals NHS Foundation Trust,E08000012
Warrington and Halton Hospitals NHS Foundation Trust,E08000011
West Hertfordshire Hospitals NHS Trust,E07000096
West Hertfordshire Hospitals NHS Trust,E07000240
West Hertfordshire Hospitals NHS Trust,E07000103
West Hertfordshire Hospitals NHS Trust,E07000102
West London NHS Trust,E06000036
West London NHS Trust,E09000027
West London NHS Trust,E09000009
West London NHS Trust,E09000013
West Suffolk NHS Foundation Trust,E07000244
West Suffolk NHS Foundation Trust,E07000202
West Suffolk NHS Foundation Trust,E07000245
Western Sussex Hospitals NHS Foundation Trust,E07000224
Western Sussex Hospitals NHS Foundation Trust,E07000226
Western Sussex Hospitals NHS Foundation Trust,E07000229
Western Sussex Hospitals NHS Foundation Trust,E07000227
Western Sussex Hospitals NHS Foundation Trust,E07000225
Western Sussex Hospitals NHS Foundation Trust,E06000044
Western Sussex Hospitals NHS Foundation Trust,E07000223
Whittington Health NHS Trust,E09000014
Whittington Health NHS Trust,E09000019
Wirral University Teaching Hospital NHS Foundation Trust,E08000015
Wirral University Teaching Hospital NHS Foundation Trust,E06000050
Worcestershire Acute Hospitals NHS Trust,E07000236
Worcestershire Acute Hospitals NHS Trust,E07000238
Worcestershire Acute Hospitals NHS Trust,E06000019
Worcestershire Acute Hospitals NHS Trust,E07000239
Worcestershire Acute Hospitals NHS Trust,E07000235
Worcestershire Acute Hospitals NHS Trust,E07000237
Worcestershire Health and Care NHS Trust,E07000238
Worcestershire Health and Care NHS Trust,E07000235
Worcestershire Health and Care NHS Trust,E07000234
Worcestershire Health and Care NHS Trust,E06000051
"Wrightington, Wigan and Leigh NHS Foundation Trust",E08000007
"Wrightington, Wigan and Leigh NHS Foundation Trust",E08000003
"Wrightington, Wigan and Leigh NHS Foundation Trust",E08000013
"Wrightington, Wigan and Leigh NHS Foundation Trust",E08000010
"Wrightington, Wigan and Leigh NHS Foundation Trust",E08000006
"Wrightington, Wigan and Leigh NHS Foundation Trust",E07000127
"Wrightington, Wigan and Leigh NHS Foundation Trust",E06000007
"Wrightington, Wigan and Leigh NHS Foundation Trust",E08000005
Wye Valley NHS Trust,E06000019
Yeovil District Hospital NHS Foundation Trust,E07000189
Yeovil District Hospital NHS Foundation Trust,E07000187
Yeovil District Hospital NHS Foundation Trust,E06000059
York Teaching Hospital NHS Foundation Trust,E06000011
York Teaching Hospital NHS Foundation Trust,E07000168
York Teaching Hospital NHS Foundation Trust,E07000165
York Teaching Hospital NHS Foundation Trust,E07000167
York Teaching Hospital NHS Foundation Trust,E06000014
York Teaching Hospital NHS Foundation Trust,E07000164
York Teaching Hospital NHS Foundation Trust,E07000169
Yorkshire Ambulance Service NHS Trust,E08000036
